INSERT INTO parqueadero(k_codigoParqueadero,n_nombreParqueadero,n_direccion,n_localidad,i_subterraneo,q_cantidadNiveles,i_tipoSuelo,i_factorDemandaZonal,o_contrasenaParqueadero,i_estadoParqueadero)
	VALUES 
	(1,'ParqueeAqui', 'Calle 26 #43-12', 'Chapinero', false, 2, 'Concreto', '1', '654321', true),
	(2,'DonLucho', 'Carrera 4 #3-9', 'Bosa', false, 3, 'concreto', '1', '27y3wed', true),
	(3,'JL', 'calle 2 #27-32 sur', 'Usme', true, 3, 'gravilla lavada de río compactada', '0.8', '12345678', true);
	
INSERT INTO area(k_idArea,n_tipoVehiculoArea,q_cupos,q_cuposDisponibles,k_codigoParqueadero)
	VALUES
	(1,'automovil',10,10,1),
	(2,'campero',5,5,1),
	(3,'camioneta',8,7,1),
	(4,'vehiculo pesado',2,2,1),
	(5,'motocicleta',5,5,1),
	(6,'automovil',15,15,2),
	(7,'campero',15,15,2),
	(8,'camioneta',5,5,2),
	(9,'vehiculo pesado',4,3,2),
	(10,'motocicleta',18,18,2),
	(11,'bicicleta',5,5,2),
	(12,'automovil',20,20,3),
	(13,'vehiculo pesado',5,5,3),
	(14,'campero',13,13,3),
	(15,'camioneta',7,7,3),
	(16,'motocicleta',22,22,3),
	(17,'bicicleta',8,8,3);
	
INSERT INTO tarifa(k_idTarifa,n_tipoVehiculo,v_valorMaxMinuto,k_codigoParqueadero)
	VALUES
	(1,'automovil', 100,1),
	(2,'campero', 105,1),
	(3,'camioneta', 110,1),
	(4,'vehículo pesado', 110,1),
	(5,'motocicleta', 100,1),
	(6,'automvil', 105,2),
	(7,'campero', 105,2),
	(8,'camioneta', 110,2),
	(9,'vehículo pesado', 110,2),
	(10,'motocicleta', 100,2),
	(11,'bicicleta', 100,2),
	(12,'automvil', 100,3),
	(13,'campero', 105,3),
	(14,'camioneta', 105,3),
	(15,'vehículo pesado', 110,3),
	(16,'motocicleta', 100,3),
	(17,'bicicleta', 90,3);
	
INSERT INTO espacio(k_idEspacio,i_estado,k_codigoParqueadero,k_idArea)
	VALUES
	(1,true,1,1),
	(2,true,1,1),
	(3,true,1,1),
	(4,true,1,1),
	(5,true,1,1),
	(6,true,1,1),
	(7,true,1,1),
	(8,true,1,1),
	(9,true,1,1),
	(10,true,1,1),
	(11,true,1,2),
	(12,true,1,2),
	(13,true,1,2),
	(14,true,1,2),
	(15,true,1,2),
	(16,true,1,3),
	(17,false,1,3),
	(18,true,1,3),
	(19,true,1,3),
	(20,true,1,3),
	(21,true,1,3),
	(22,true,1,3),
	(23,true,1,3),
	(24,true,1,4),
	(25,true,1,4),
	(26,true,1,5),
	(27,true,1,5),
	(28,true,1,5),
	(29,true,1,5),
	(30,true,1,5),
	(31,true,2,6),
	(32,true,2,6),
	(33,true,2,6),
	(34,true,2,6),
	(35,true,2,6),
	(36,true,2,6),
	(37,true,2,6),
	(38,true,2,6),
	(39,true,2,6),
	(40,true,2,6),
	(41,true,2,6),
	(42,true,2,6),
	(43,true,2,6),
	(44,true,2,6),
	(45,true,2,6),
	(46,true,2,7),
	(47,true,2,7),
	(48,true,2,7),
	(49,true,2,7),
	(50,true,2,7),
	(51,true,2,7),
	(52,true,2,7),
	(53,true,2,7),
	(54,true,2,7),
	(55,true,2,7),
	(56,true,2,7),
	(57,true,2,7),
	(58,true,2,7),
	(59,true,2,7),
	(60,true,2,7),
	(61,true,2,8),
	(62,true,2,8),
	(63,true,2,8),
	(64,true,2,8),
	(65,true,2,8),
	(66,true,2,9),
	(67,true,2,9),
	(68,true,2,9),
	(69,true,2,9),
	(70,true,2,10),
	(71,true,2,10),
	(72,true,2,10),
	(73,true,2,10),
	(74,true,2,10),
	(75,true,2,10),
	(76,true,2,10),
	(77,true,2,10),
	(78,true,2,10),
	(79,true,2,10),
	(80,true,2,10),
	(81,true,2,10),
	(82,true,2,10),
	(83,true,2,10),
	(84,true,2,10),
	(85,true,2,10),
	(86,true,2,10),
	(87,true,2,10),
	(88,true,2,11),
	(89,true,2,11),
	(90,true,2,11),
	(91,true,2,11),
	(92,true,2,11),
	(93,true,3,12),
	(94,true,3,12),
	(95,true,3,12),
	(96,false,3,12),
	(97,true,3,12),
	(98,true,3,12),
	(99,true,3,12),
	(100,true,3,12),
	(101,true,3,12),
	(102,true,3,12),
	(103,true,3,12),
	(104,true,3,12),
	(105,true,3,12),
	(106,true,3,12),
	(107,true,3,12),
	(108,true,3,12),
	(109,true,3,12),
	(110,true,3,12),
	(111,true,3,12),
	(112,true,3,12),
	(113,true,3,13),
	(114,true,3,13),
	(115,true,3,13),
	(116,true,3,13),
	(117,true,3,13),
	(118,true,3,14),
	(119,true,3,14),
	(120,true,3,14),
	(121,true,3,14),
	(122,true,3,14),
	(123,true,3,14),
	(124,true,3,14),
	(125,true,3,14),
	(126,true,3,14),
	(127,true,3,14),
	(128,true,3,14),
	(129,true,3,14),
	(130,true,3,14),
	(131,true,3,15),
	(132,true,3,15),
	(133,true,3,15),
	(134,true,3,15),
	(135,true,3,15),
	(136,true,3,15),
	(137,true,3,15),
	(138,true,3,16),
	(139,true,3,16),
	(140,true,3,16),
	(141,true,3,16),
	(142,true,3,16),
	(143,true,3,16),
	(144,true,3,16),
	(145,true,3,16),
	(146,true,3,16),
	(147,true,3,16),
	(148,true,3,16),
	(149,true,3,16),
	(150,true,3,16),
	(151,true,3,16),
	(152,true,3,16),
	(153,true,3,16),
	(154,true,3,16),
	(155,true,3,16),
	(156,true,3,16),
	(157,true,3,16),
	(158,true,3,16),
	(159,true,3,16),
	(160,true,3,17),
	(161,true,3,17),
	(162,true,3,17),
	(163,true,3,17),
	(164,true,3,17),
	(165,true,3,17),
	(166,true,3,17),
	(167,true,3,17);
	
INSERT INTO cliente(k_identificacionCliente,n_tipoIdentificacion,n_primerNombre,n_segundoNombre,n_primerApellido,n_segundoApellido,i_sexo,n_direccion,o_telefonoCliente)
	VALUES
	(1023673587, 'cedula ciudadania', 'Andres',null,'Jimenez', 'No sé', 'M','Calle 26 #56-76',3057914787),
	(1033864267, 'cedula ciudadania', 'Angie','Alina','Bolivar', 'Pena', 'F','Calle 2 #23-04',3124004238);
	
INSERT INTO vehiculo(k_placa,n_tipoVehiculo,n_marca,n_color,n_modelo)
	VALUES
	('ACJ627','motocicleta', 'ducati', 'azul', 'diavel1260'),
	('AAE231','camioneta', 'gmc', 'negro', 'sierra1500denali'),
	('JQE36','vehículo pesado','paccar','rojo','peterbilt359'),
	('CVR747','campero','suzuki','azul','lj80'),
	('LAM623','Automvil','chevrolet','amarillo','camarols');

INSERT INTO contrato(k_idContrato,i_periodo,f_inicio,f_fin,v_valorPago,i_estado,k_codigoParqueadero,k_identificacionCliente,k_placa)
	VALUES
	(1,'mes','2021/02/01','2021/03/01',240000,true,1,1033864267,'AAE231'),
	(2,'ano','2020/05/12','2021/05/11',900000,true,3,1023673587,'ACJ627');
	
INSERT INTO servicio(k_idServicio,f_ingreso,o_horaIngreso,f_salida,o_horaSalida,v_pagoTotal,k_placa,k_idEspacio,k_codigoParqueadero,k_idArea)
	VALUES
	(1,'2021/02/22','09:00:00','2021/02/23','09:01:13',null,'AAE231',17,1,3),
	(2,'2021/02/23','13:23:31',null,null,null,'AAE231',17,1,3),
	(3,'2021/02/22','11:00:01',null,null,null,'JQE36',66,2,9),
	(4,'2021/02/23','15:00:28','2021/02/23','20:20:20',32000,'LAM623',96,3,12),
	(5,'2021/01/20','08:01:28','2021/01/21','12:24:20',26765 ,'CVR747',118,3,14),
	(6,'2020/12/31','22:15:28','2021/01/01','06:45:20', 51000,'ACJ627',70,2,10);
	
	